file,species,segment,start_s,cluster
Chorthippusbiguttulus/Chorthippusbiguttulus_CHOBIG_20190906_163909.M.wav,Chorthippusbiguttulus,0,0.0,28
Chorthippusbiguttulus/Chorthippusbiguttulus_CHOBIG_20190906_163909.M.wav,Chorthippusbiguttulus,1,2.5,28
Chorthippusbiguttulus/Chorthippusbiguttulus_CHOBIG_20190906_163909.M.wav,Chorthippusbiguttulus,2,5.0,29
Chorthippusbiguttulus/Chorthippusbiguttulus_CHOBIG_20190906_164243.M.wav,Chorthippusbiguttulus,0,0.0,28
Chorthippusbiguttulus/Chorthippusbiguttulus_CHOBIG_20190906_164243.M.wav,Chorthippusbiguttulus,1,2.5,29
Chorthippusbiguttulus/Chorthippusbiguttulus_CHOBIG_20190906_164243.M.wav,Chorthippusbiguttulus,2,5.0,29
Chorthippusbiguttulus/Chorthippusbiguttulus_NoID_20210729_115824.M.wav,Chorthippusbiguttulus,0,0.0,26
Chorthippusbiguttulus/Chorthippusbiguttulus_NoID_20210729_115824.M.wav,Chorthippusbiguttulus,1,2.5,26
Chorthippusbiguttulus/Chorthippusbiguttulus_NoID_20210729_115824.M.wav,Chorthippusbiguttulus,2,5.0,26
Chorthippusbiguttulus/Chorthippusbiguttulus_NoID_20210729_115824.M.wav,Chorthippusbiguttulus,3,7.5,33
Chorthippusbiguttulus/Chorthippusbiguttulus_NoID_20210729_115824.M.wav,Chorthippusbiguttulus,4,10.0,31
Chorthippusbiguttulus/Chorthippusbiguttulus_Take07.M.wav,Chorthippusbiguttulus,0,0.0,23
Chorthippusbiguttulus/Chorthippusbiguttulus_Take07.M.wav,Chorthippusbiguttulus,1,2.5,-1
Chorthippusbiguttulus/Chorthippusbiguttulus_Take22.wav,Chorthippusbiguttulus,0,0.0,13
Chorthippusbiguttulus/Chorthippusbiguttulus_Take22.wav,Chorthippusbiguttulus,1,2.5,13
Chorthippusbiguttulus/Chorthippusbiguttulus_Take22.wav,Chorthippusbiguttulus,2,5.0,13
Chorthippusbiguttulus/Chorthippusbiguttulus_Take22.wav,Chorthippusbiguttulus,3,7.5,32
Chorthippusbiguttulus/Chorthippusbiguttulus_Take22.wav,Chorthippusbiguttulus,4,10.0,-1
Chorthippusbiguttulus/Chorthippusbiguttulus_Take45.M.wav,Chorthippusbiguttulus,0,0.0,22
Chorthippusbiguttulus/Chorthippusbiguttulus_Take45.M.wav,Chorthippusbiguttulus,1,2.5,22
Chorthippusbiguttulus/Chorthippusbiguttulus_Take45.M.wav,Chorthippusbiguttulus,2,5.0,22
Chorthippusbiguttulus/Chorthippusbiguttulus_Take45.M.wav,Chorthippusbiguttulus,3,7.5,22
Chorthippusbiguttulus/Chorthippusbiguttulus_Take45.M.wav,Chorthippusbiguttulus,4,10.0,22
Chorthippusbiguttulus/Chorthippusbiguttulus_Take45.M.wav,Chorthippusbiguttulus,5,12.5,36
Chorthippusbiguttulus/Chorthippusbiguttulus_Take91.wav,Chorthippusbiguttulus,0,0.0,13
Chorthippusbiguttulus/Chorthippusbiguttulus_Take91.wav,Chorthippusbiguttulus,1,2.5,13
Chorthippusbiguttulus/Chorthippusbiguttulus_Take91.wav,Chorthippusbiguttulus,2,5.0,13
Chorthippusbiguttulus/Chorthippusbiguttulus_Take91.wav,Chorthippusbiguttulus,3,7.5,32
Chorthippusbiguttulus/Chorthippusbiguttulus_Take91.wav,Chorthippusbiguttulus,4,10.0,31
Chorthippusbiguttulus/Chorthippusbiguttulus_dat001-018.M.wav,Chorthippusbiguttulus,0,0.0,14
Chorthippusbiguttulus/Chorthippusbiguttulus_dat001-018.M.wav,Chorthippusbiguttulus,1,2.5,14
Chorthippusbiguttulus/Chorthippusbiguttulus_dat001-018.M.wav,Chorthippusbiguttulus,2,5.0,32
Chorthippusbiguttulus/Chorthippusbiguttulus_dat001-018.M.wav,Chorthippusbiguttulus,3,7.5,36
Chorthippusbiguttulus/Chorthippusbiguttulus_dat001-020.M.wav.M.wav,Chorthippusbiguttulus,0,0.0,23
Chorthippusbiguttulus/Chorthippusbiguttulus_dat001-020.M.wav.M.wav,Chorthippusbiguttulus,1,2.5,32
Chorthippusbiguttulus/Chorthippusbiguttulus_dat001-020.M.wav.M.wav,Chorthippusbiguttulus,2,5.0,-1
Chorthippusbiguttulus/Chorthippusbiguttulus_dat001-053.M.wav,Chorthippusbiguttulus,0,0.0,22
Chorthippusbiguttulus/Chorthippusbiguttulus_dat001-053.M.wav,Chorthippusbiguttulus,1,2.5,22
Chorthippusbiguttulus/Chorthippusbiguttulus_dat001-053.M.wav,Chorthippusbiguttulus,2,5.0,32
Chorthippusbiguttulus/Chorthippusbiguttulus_dat001-053.M.wav,Chorthippusbiguttulus,3,7.5,36
Chorthippusbiguttulus/Chorthippusbiguttulus_dat003-040.M.wav,Chorthippusbiguttulus,0,0.0,23
Chorthippusbiguttulus/Chorthippusbiguttulus_dat003-040.M.wav,Chorthippusbiguttulus,1,2.5,-1
Chorthippusbiguttulus/Chorthippusbiguttulus_dat003-040.M.wav,Chorthippusbiguttulus,2,5.0,23
Chorthippusbiguttulus/Chorthippusbiguttulus_dat003-040.M.wav,Chorthippusbiguttulus,3,7.5,32
Chorthippusbiguttulus/Chorthippusbiguttulus_dat003-040.M.wav,Chorthippusbiguttulus,4,10.0,36
Chorthippusbiguttulus/Chorthippusbiguttulus_dat005-025.M.wav,Chorthippusbiguttulus,0,0.0,23
Chorthippusbiguttulus/Chorthippusbiguttulus_dat005-025.M.wav,Chorthippusbiguttulus,1,2.5,23
Chorthippusbiguttulus/Chorthippusbiguttulus_dat005-025.M.wav,Chorthippusbiguttulus,2,5.0,-1
Chorthippusbiguttulus/Chorthippusbiguttulus_dat005-056.M.wav,Chorthippusbiguttulus,0,0.0,14
Chorthippusbiguttulus/Chorthippusbiguttulus_dat005-056.M.wav,Chorthippusbiguttulus,1,2.5,14
Chorthippusbiguttulus/Chorthippusbiguttulus_dat005-056.M.wav,Chorthippusbiguttulus,2,5.0,14
Chorthippusbiguttulus/Chorthippusbiguttulus_dat005-056.M.wav,Chorthippusbiguttulus,3,7.5,14
Chorthippusbiguttulus/Chorthippusbiguttulus_dat005-056.M.wav,Chorthippusbiguttulus,4,10.0,14
Chorthippusbiguttulus/Chorthippusbiguttulus_dat005-056.M.wav,Chorthippusbiguttulus,5,12.5,14
Chorthippusbiguttulus/Chorthippusbiguttulus_dat005-056.M.wav,Chorthippusbiguttulus,6,15.0,32
Chorthippusbiguttulus/Chorthippusbiguttulus_dat005-056.M.wav,Chorthippusbiguttulus,7,17.5,31
Chorthippusbiguttulus/Chorthippusbiguttulus_dat028-023.wav,Chorthippusbiguttulus,0,0.0,32
Chorthippusbiguttulus/Chorthippusbiguttulus_dat028-023.wav,Chorthippusbiguttulus,1,2.5,-1
Chorthippusbiguttulus/Chorthippusbiguttulus_dat030-001.wav,Chorthippusbiguttulus,0,0.0,13
Chorthippusbiguttulus/Chorthippusbiguttulus_dat030-001.wav,Chorthippusbiguttulus,1,2.5,13
Chorthippusbiguttulus/Chorthippusbiguttulus_dat030-001.wav,Chorthippusbiguttulus,2,5.0,13
Chorthippusbiguttulus/Chorthippusbiguttulus_dat030-001.wav,Chorthippusbiguttulus,3,7.5,13
Chorthippusbiguttulus/Chorthippusbiguttulus_dat030-001.wav,Chorthippusbiguttulus,4,10.0,32
Chorthippusbiguttulus/Chorthippusbiguttulus_dat030-001.wav,Chorthippusbiguttulus,5,12.5,36
Chorthippusbiguttulus/Chorthippusbiguttulus_dat031-007.wav,Chorthippusbiguttulus,0,0.0,13
Chorthippusbiguttulus/Chorthippusbiguttulus_dat031-007.wav,Chorthippusbiguttulus,1,2.5,13
Chorthippusbiguttulus/Chorthippusbiguttulus_dat031-007.wav,Chorthippusbiguttulus,2,5.0,13
Chorthippusbiguttulus/Chorthippusbiguttulus_dat031-007.wav,Chorthippusbiguttulus,3,7.5,13
Chorthippusbiguttulus/Chorthippusbiguttulus_dat031-007.wav,Chorthippusbiguttulus,4,10.0,32
Chorthippusbiguttulus/Chorthippusbiguttulus_dat031-007.wav,Chorthippusbiguttulus,5,12.5,31
Chorthippusbiguttulus/Chorthippusbiguttulus_dat149-002.wav,Chorthippusbiguttulus,0,0.0,25
Chorthippusbiguttulus/Chorthippusbiguttulus_dat149-002.wav,Chorthippusbiguttulus,1,2.5,14
Chorthippusbiguttulus/Chorthippusbiguttulus_dat149-002.wav,Chorthippusbiguttulus,2,5.0,14
Chorthippusbiguttulus/Chorthippusbiguttulus_dat149-002.wav,Chorthippusbiguttulus,3,7.5,14
Chorthippusbiguttulus/Chorthippusbiguttulus_dat149-002.wav,Chorthippusbiguttulus,4,10.0,32
Chorthippusbiguttulus/Chorthippusbiguttulus_dat149-002.wav,Chorthippusbiguttulus,5,12.5,-1
Chorthippusbiguttulus/Chorthippusbiguttulus_dat179-001.wav,Chorthippusbiguttulus,0,0.0,23
Chorthippusbiguttulus/Chorthippusbiguttulus_dat179-001.wav,Chorthippusbiguttulus,1,2.5,23
Chorthippusbiguttulus/Chorthippusbiguttulus_dat179-001.wav,Chorthippusbiguttulus,2,5.0,23
Chorthippusbiguttulus/Chorthippusbiguttulus_dat179-001.wav,Chorthippusbiguttulus,3,7.5,23
Chorthippusbiguttulus/Chorthippusbiguttulus_dat179-001.wav,Chorthippusbiguttulus,4,10.0,33
Chorthippusbiguttulus/Chorthippusbiguttulus_dat185-002.wav,Chorthippusbiguttulus,0,0.0,23
Chorthippusbiguttulus/Chorthippusbiguttulus_dat185-002.wav,Chorthippusbiguttulus,1,2.5,23
Chorthippusbiguttulus/Chorthippusbiguttulus_dat185-002.wav,Chorthippusbiguttulus,2,5.0,23
Chorthippusbiguttulus/Chorthippusbiguttulus_dat185-002.wav,Chorthippusbiguttulus,3,7.5,23
Chorthippusbiguttulus/Chorthippusbiguttulus_dat185-002.wav,Chorthippusbiguttulus,4,10.0,23
Chorthippusbiguttulus/Chorthippusbiguttulus_dat185-002.wav,Chorthippusbiguttulus,5,12.5,23
Chorthippusbiguttulus/Chorthippusbiguttulus_dat185-002.wav,Chorthippusbiguttulus,6,15.0,-1
Chorthippusbiguttulus/Chorthippusbiguttulus_file0224.M.wav,Chorthippusbiguttulus,0,0.0,22
Chorthippusbiguttulus/Chorthippusbiguttulus_file0224.M.wav,Chorthippusbiguttulus,1,2.5,22
Chorthippusbiguttulus/Chorthippusbiguttulus_file0224.M.wav,Chorthippusbiguttulus,2,5.0,22
Chorthippusbiguttulus/Chorthippusbiguttulus_file0224.M.wav,Chorthippusbiguttulus,3,7.5,36
Chorthippusbrunneus/Chorthippusbrunneus_CHOBRU_20180914_141921.M.wav,Chorthippusbrunneus,0,0.0,25
Chorthippusbrunneus/Chorthippusbrunneus_CHOBRU_20180914_141921.M.wav,Chorthippusbrunneus,1,2.5,-1
Chorthippusbrunneus/Chorthippusbrunneus_CHOBRU_20180914_141921.M.wav,Chorthippusbrunneus,2,5.0,31
Chorthippusbrunneus/Chorthippusbrunneus_NoID_20200809_160342.M.wav,Chorthippusbrunneus,0,0.0,28
Chorthippusbrunneus/Chorthippusbrunneus_NoID_20200809_160342.M.wav,Chorthippusbrunneus,1,2.5,28
Chorthippusbrunneus/Chorthippusbrunneus_NoID_20200809_160342.M.wav,Chorthippusbrunneus,2,5.0,28
Chorthippusbrunneus/Chorthippusbrunneus_NoID_20200809_160342.M.wav,Chorthippusbrunneus,3,7.5,29
Chorthippusbrunneus/Chorthippusbrunneus_No_ID_20170802_132433.M.wav,Chorthippusbrunneus,0,0.0,28
Chorthippusbrunneus/Chorthippusbrunneus_No_ID_20170802_132433.M.wav,Chorthippusbrunneus,1,2.5,29
Chorthippusbrunneus/Chorthippusbrunneus_No_ID_20170802_132433.M.wav,Chorthippusbrunneus,2,5.0,29
Chorthippusbrunneus/Chorthippusbrunneus_Take92.wav,Chorthippusbrunneus,0,0.0,25
Chorthippusbrunneus/Chorthippusbrunneus_Take92.wav,Chorthippusbrunneus,1,2.5,25
Chorthippusbrunneus/Chorthippusbrunneus_Take92.wav,Chorthippusbrunneus,2,5.0,25
Chorthippusbrunneus/Chorthippusbrunneus_Take92.wav,Chorthippusbrunneus,3,7.5,25
Chorthippusbrunneus/Chorthippusbrunneus_Take92.wav,Chorthippusbrunneus,4,10.0,25
Chorthippusbrunneus/Chorthippusbrunneus_Take92.wav,Chorthippusbrunneus,5,12.5,36
Chorthippusbrunneus/Chorthippusbrunneus_dat001-021.M.wav,Chorthippusbrunneus,0,0.0,24
Chorthippusbrunneus/Chorthippusbrunneus_dat001-021.M.wav,Chorthippusbrunneus,1,2.5,24
Chorthippusbrunneus/Chorthippusbrunneus_dat001-021.M.wav,Chorthippusbrunneus,2,5.0,24
Chorthippusbrunneus/Chorthippusbrunneus_dat001-021.M.wav,Chorthippusbrunneus,3,7.5,33
Chorthippusbrunneus/Chorthippusbrunneus_dat001-021.M.wav,Chorthippusbrunneus,4,10.0,31
Chorthippusbrunneus/Chorthippusbrunneus_dat001-040.M.wav,Chorthippusbrunneus,0,0.0,25
Chorthippusbrunneus/Chorthippusbrunneus_dat001-040.M.wav,Chorthippusbrunneus,1,2.5,25
Chorthippusbrunneus/Chorthippusbrunneus_dat001-040.M.wav,Chorthippusbrunneus,2,5.0,33
Chorthippusbrunneus/Chorthippusbrunneus_dat001-040.M.wav,Chorthippusbrunneus,3,7.5,31
Chorthippusbrunneus/Chorthippusbrunneus_dat003-009.M.wav,Chorthippusbrunneus,0,0.0,25
Chorthippusbrunneus/Chorthippusbrunneus_dat003-009.M.wav,Chorthippusbrunneus,1,2.5,25
Chorthippusbrunneus/Chorthippusbrunneus_dat003-009.M.wav,Chorthippusbrunneus,2,5.0,25
Chorthippusbrunneus/Chorthippusbrunneus_dat003-009.M.wav,Chorthippusbrunneus,3,7.5,25
Chorthippusbrunneus/Chorthippusbrunneus_dat003-009.M.wav,Chorthippusbrunneus,4,10.0,25
Chorthippusbrunneus/Chorthippusbrunneus_dat003-009.M.wav,Chorthippusbrunneus,5,12.5,36
Chorthippusbrunneus/Chorthippusbrunneus_dat003-020.M.wav,Chorthippusbrunneus,0,0.0,24
Chorthippusbrunneus/Chorthippusbrunneus_dat003-020.M.wav,Chorthippusbrunneus,1,2.5,33
Chorthippusbrunneus/Chorthippusbrunneus_dat003-020.M.wav,Chorthippusbrunneus,2,5.0,31
Chorthippusbrunneus/Chorthippusbrunneus_dat005-044.M.wav,Chorthippusbrunneus,0,0.0,24
Chorthippusbrunneus/Chorthippusbrunneus_dat005-044.M.wav,Chorthippusbrunneus,1,2.5,24
Chorthippusbrunneus/Chorthippusbrunneus_dat005-044.M.wav,Chorthippusbrunneus,2,5.0,24
Chorthippusbrunneus/Chorthippusbrunneus_dat005-044.M.wav,Chorthippusbrunneus,3,7.5,24
Chorthippusbrunneus/Chorthippusbrunneus_dat005-044.M.wav,Chorthippusbrunneus,4,10.0,24
Chorthippusbrunneus/Chorthippusbrunneus_dat005-044.M.wav,Chorthippusbrunneus,5,12.5,24
Chorthippusbrunneus/Chorthippusbrunneus_dat005-044.M.wav,Chorthippusbrunneus,6,15.0,24
Chorthippusbrunneus/Chorthippusbrunneus_dat005-044.M.wav,Chorthippusbrunneus,7,17.5,33
Chorthippusbrunneus/Chorthippusbrunneus_dat005-044.M.wav,Chorthippusbrunneus,8,20.0,31
Chorthippusbrunneus/Chorthippusbrunneus_dat011-004.wav,Chorthippusbrunneus,0,0.0,25
Chorthippusbrunneus/Chorthippusbrunneus_dat011-004.wav,Chorthippusbrunneus,1,2.5,25
Chorthippusbrunneus/Chorthippusbrunneus_dat011-004.wav,Chorthippusbrunneus,2,5.0,25
Chorthippusbrunneus/Chorthippusbrunneus_dat011-004.wav,Chorthippusbrunneus,3,7.5,25
Chorthippusbrunneus/Chorthippusbrunneus_dat011-004.wav,Chorthippusbrunneus,4,10.0,-1
Chorthippusbrunneus/Chorthippusbrunneus_dat011-004.wav,Chorthippusbrunneus,5,12.5,31
Chorthippusbrunneus/Chorthippusbrunneus_dat022-008.wav,Chorthippusbrunneus,0,0.0,25
Chorthippusbrunneus/Chorthippusbrunneus_dat022-008.wav,Chorthippusbrunneus,1,2.5,25
Chorthippusbrunneus/Chorthippusbrunneus_dat022-008.wav,Chorthippusbrunneus,2,5.0,25
Chorthippusbrunneus/Chorthippusbrunneus_dat022-008.wav,Chorthippusbrunneus,3,7.5,25
Chorthippusbrunneus/Chorthippusbrunneus_dat022-008.wav,Chorthippusbrunneus,4,10.0,25
Chorthippusbrunneus/Chorthippusbrunneus_dat022-008.wav,Chorthippusbrunneus,5,12.5,-1
Chorthippusbrunneus/Chorthippusbrunneus_dat022-008.wav,Chorthippusbrunneus,6,15.0,27
Chorthippusbrunneus/Chorthippusbrunneus_dat024-016.wav,Chorthippusbrunneus,0,0.0,-1
Chorthippusbrunneus/Chorthippusbrunneus_dat024-016.wav,Chorthippusbrunneus,1,2.5,36
Chorthippusbrunneus/Chorthippusbrunneus_dat124-003.M.wav,Chorthippusbrunneus,0,0.0,-1
Chorthippusbrunneus/Chorthippusbrunneus_dat124-003.M.wav,Chorthippusbrunneus,1,2.5,25
Chorthippusbrunneus/Chorthippusbrunneus_dat124-003.M.wav,Chorthippusbrunneus,2,5.0,36
Grylluscampestris/Grylluscampestris_GRYCAM_20210728_115826.M.wav,Grylluscampestris,0,0.0,7
Grylluscampestris/Grylluscampestris_GRYCAM_20210728_115826.M.wav,Grylluscampestris,1,2.5,33
Grylluscampestris/Grylluscampestris_GRYCAM_20210728_115826.M.wav,Grylluscampestris,2,5.0,36
Grylluscampestris/Grylluscampestris_Take02.M.wav,Grylluscampestris,0,0.0,7
Grylluscampestris/Grylluscampestris_Take02.M.wav,Grylluscampestris,1,2.5,7
Grylluscampestris/Grylluscampestris_Take02.M.wav,Grylluscampestris,2,5.0,19
Grylluscampestris/Grylluscampestris_Take11.M.wav,Grylluscampestris,0,0.0,-1
Grylluscampestris/Grylluscampestris_Take11.M.wav,Grylluscampestris,1,2.5,-1
Grylluscampestris/Grylluscampestris_Take32.M.wav,Grylluscampestris,0,0.0,7
Grylluscampestris/Grylluscampestris_Take32.M.wav,Grylluscampestris,1,2.5,7
Grylluscampestris/Grylluscampestris_Take32.M.wav,Grylluscampestris,2,5.0,7
Grylluscampestris/Grylluscampestris_Take32.M.wav,Grylluscampestris,3,7.5,-1
Grylluscampestris/Grylluscampestris_dat003-004.M.wav,Grylluscampestris,0,0.0,-1
Grylluscampestris/Grylluscampestris_dat003-004.M.wav,Grylluscampestris,1,2.5,-1
Grylluscampestris/Grylluscampestris_dat003-004.M.wav,Grylluscampestris,2,5.0,17
Grylluscampestris/Grylluscampestris_dat003-005.M.wav,Grylluscampestris,0,0.0,-1
Grylluscampestris/Grylluscampestris_dat003-005.M.wav,Grylluscampestris,1,2.5,18
Grylluscampestris/Grylluscampestris_dat003-005.M.wav,Grylluscampestris,2,5.0,17
Grylluscampestris/Grylluscampestris_dat008-008.wav,Grylluscampestris,0,0.0,17
Grylluscampestris/Grylluscampestris_dat008-008.wav,Grylluscampestris,1,2.5,-1
Grylluscampestris/Grylluscampestris_dat008-009.wav,Grylluscampestris,0,0.0,18
Grylluscampestris/Grylluscampestris_dat008-009.wav,Grylluscampestris,1,2.5,-1
Grylluscampestris/Grylluscampestris_dat008-009.wav,Grylluscampestris,2,5.0,17
Grylluscampestris/Grylluscampestris_dat008-010.wav,Grylluscampestris,0,0.0,18
Grylluscampestris/Grylluscampestris_dat008-010.wav,Grylluscampestris,1,2.5,18
Grylluscampestris/Grylluscampestris_dat008-010.wav,Grylluscampestris,2,5.0,18
Grylluscampestris/Grylluscampestris_dat008-010.wav,Grylluscampestris,3,7.5,17
Grylluscampestris/Grylluscampestris_dat008-010.wav,Grylluscampestris,4,10.0,10
Grylluscampestris/Grylluscampestris_dat008-011.M.wav,Grylluscampestris,0,0.0,18
Grylluscampestris/Grylluscampestris_dat008-011.M.wav,Grylluscampestris,1,2.5,18
Grylluscampestris/Grylluscampestris_dat008-011.M.wav,Grylluscampestris,2,5.0,17
Grylluscampestris/Grylluscampestris_dat008-011.M.wav,Grylluscampestris,3,7.5,10
Grylluscampestris/Grylluscampestris_dat008-012.M.wav,Grylluscampestris,0,0.0,18
Grylluscampestris/Grylluscampestris_dat008-012.M.wav,Grylluscampestris,1,2.5,18
Grylluscampestris/Grylluscampestris_dat008-012.M.wav,Grylluscampestris,2,5.0,18
Grylluscampestris/Grylluscampestris_dat008-012.M.wav,Grylluscampestris,3,7.5,17
Grylluscampestris/Grylluscampestris_dat008-012.M.wav,Grylluscampestris,4,10.0,10
Grylluscampestris/Grylluscampestris_dat008-014.M.wav,Grylluscampestris,0,0.0,18
Grylluscampestris/Grylluscampestris_dat008-014.M.wav,Grylluscampestris,1,2.5,18
Grylluscampestris/Grylluscampestris_dat008-014.M.wav,Grylluscampestris,2,5.0,17
Grylluscampestris/Grylluscampestris_dat008-016.M.wav,Grylluscampestris,0,0.0,18
Grylluscampestris/Grylluscampestris_dat008-016.M.wav,Grylluscampestris,1,2.5,18
Grylluscampestris/Grylluscampestris_dat008-016.M.wav,Grylluscampestris,2,5.0,18
Grylluscampestris/Grylluscampestris_dat008-016.M.wav,Grylluscampestris,3,7.5,18
Grylluscampestris/Grylluscampestris_dat008-016.M.wav,Grylluscampestris,4,10.0,17
Grylluscampestris/Grylluscampestris_dat008-016.M.wav,Grylluscampestris,5,12.5,10
Grylluscampestris/Grylluscampestris_dat008-017.M.wav,Grylluscampestris,0,0.0,18
Grylluscampestris/Grylluscampestris_dat008-017.M.wav,Grylluscampestris,1,2.5,18
Grylluscampestris/Grylluscampestris_dat008-017.M.wav,Grylluscampestris,2,5.0,17
Grylluscampestris/Grylluscampestris_dat008-017.M.wav,Grylluscampestris,3,7.5,27
Grylluscampestris/Grylluscampestris_dat008-018.M.wav,Grylluscampestris,0,0.0,18
Grylluscampestris/Grylluscampestris_dat008-018.M.wav,Grylluscampestris,1,2.5,18
Grylluscampestris/Grylluscampestris_dat008-018.M.wav,Grylluscampestris,2,5.0,17
Grylluscampestris/Grylluscampestris_dat008-018.M.wav,Grylluscampestris,3,7.5,10
Grylluscampestris/Grylluscampestris_dat008-019.M.wav,Grylluscampestris,0,0.0,7
Grylluscampestris/Grylluscampestris_dat008-019.M.wav,Grylluscampestris,1,2.5,7
Grylluscampestris/Grylluscampestris_dat008-019.M.wav,Grylluscampestris,2,5.0,7
Grylluscampestris/Grylluscampestris_dat008-019.M.wav,Grylluscampestris,3,7.5,7
Grylluscampestris/Grylluscampestris_dat008-019.M.wav,Grylluscampestris,4,10.0,17
Grylluscampestris/Grylluscampestris_dat008-019.M.wav,Grylluscampestris,5,12.5,19
Grylluscampestris/Grylluscampestris_dat010-003.wav,Grylluscampestris,0,0.0,2
Grylluscampestris/Grylluscampestris_dat010-003.wav,Grylluscampestris,1,2.5,2
Grylluscampestris/Grylluscampestris_dat010-003.wav,Grylluscampestris,2,5.0,2
Grylluscampestris/Grylluscampestris_dat010-003.wav,Grylluscampestris,3,7.5,17
Grylluscampestris/Grylluscampestris_dat010-003.wav,Grylluscampestris,4,10.0,10
Grylluscampestris/Grylluscampestris_dat010-004.wav,Grylluscampestris,0,0.0,2
Grylluscampestris/Grylluscampestris_dat010-004.wav,Grylluscampestris,1,2.5,2
Grylluscampestris/Grylluscampestris_dat010-004.wav,Grylluscampestris,2,5.0,2
Grylluscampestris/Grylluscampestris_dat010-004.wav,Grylluscampestris,3,7.5,2
Grylluscampestris/Grylluscampestris_dat010-004.wav,Grylluscampestris,4,10.0,2
Grylluscampestris/Grylluscampestris_dat010-004.wav,Grylluscampestris,5,12.5,2
Grylluscampestris/Grylluscampestris_dat010-004.wav,Grylluscampestris,6,15.0,2
Grylluscampestris/Grylluscampestris_dat010-004.wav,Grylluscampestris,7,17.5,2
Grylluscampestris/Grylluscampestris_dat010-004.wav,Grylluscampestris,8,20.0,2
Grylluscampestris/Grylluscampestris_dat010-004.wav,Grylluscampestris,9,22.5,17
Grylluscampestris/Grylluscampestris_dat010-004.wav,Grylluscampestris,10,25.0,27
Grylluscampestris/Grylluscampestris_dat010-005.M.wav,Grylluscampestris,0,0.0,9
Grylluscampestris/Grylluscampestris_dat010-005.M.wav,Grylluscampestris,1,2.5,9
Grylluscampestris/Grylluscampestris_dat010-005.M.wav,Grylluscampestris,2,5.0,9
Grylluscampestris/Grylluscampestris_dat010-005.M.wav,Grylluscampestris,3,7.5,17
Grylluscampestris/Grylluscampestris_dat010-006.M.wav,Grylluscampestris,0,0.0,9
Grylluscampestris/Grylluscampestris_dat010-006.M.wav,Grylluscampestris,1,2.5,9
Grylluscampestris/Grylluscampestris_dat010-006.M.wav,Grylluscampestris,2,5.0,9
Grylluscampestris/Grylluscampestris_dat010-006.M.wav,Grylluscampestris,3,7.5,9
Grylluscampestris/Grylluscampestris_dat010-006.M.wav,Grylluscampestris,4,10.0,9
Grylluscampestris/Grylluscampestris_dat010-006.M.wav,Grylluscampestris,5,12.5,9
Grylluscampestris/Grylluscampestris_dat010-006.M.wav,Grylluscampestris,6,15.0,9
Grylluscampestris/Grylluscampestris_dat010-006.M.wav,Grylluscampestris,7,17.5,9
Grylluscampestris/Grylluscampestris_dat010-006.M.wav,Grylluscampestris,8,20.0,9
Grylluscampestris/Grylluscampestris_dat010-006.M.wav,Grylluscampestris,9,22.5,9
Grylluscampestris/Grylluscampestris_dat010-006.M.wav,Grylluscampestris,10,25.0,9
Grylluscampestris/Grylluscampestris_dat010-006.M.wav,Grylluscampestris,11,27.5,17
Grylluscampestris/Grylluscampestris_dat010-007.M.wav,Grylluscampestris,0,0.0,-1
Grylluscampestris/Grylluscampestris_dat010-007.M.wav,Grylluscampestris,1,2.5,17
Grylluscampestris/Grylluscampestris_file0045.M.wav,Grylluscampestris,0,0.0,18
Grylluscampestris/Grylluscampestris_file0045.M.wav,Grylluscampestris,1,2.5,18
Grylluscampestris/Grylluscampestris_file0045.M.wav,Grylluscampestris,2,5.0,18
Grylluscampestris/Grylluscampestris_file0045.M.wav,Grylluscampestris,3,7.5,17
Grylluscampestris/Grylluscampestris_file0045.M.wav,Grylluscampestris,4,10.0,10
Nemobiussylvestris/Nemobiussylvestris_20170828_205431.M.wav,Nemobiussylvestris,0,0.0,29
Nemobiussylvestris/Nemobiussylvestris_20170828_205431.M.wav,Nemobiussylvestris,1,2.5,29
Nemobiussylvestris/Nemobiussylvestris_20170828_205431.M.wav,Nemobiussylvestris,2,5.0,-1
Nemobiussylvestris/Nemobiussylvestris_MixPre-304.M.wav,Nemobiussylvestris,0,0.0,11
Nemobiussylvestris/Nemobiussylvestris_MixPre-304.M.wav,Nemobiussylvestris,1,2.5,19
Nemobiussylvestris/Nemobiussylvestris_MixPre-304.M.wav,Nemobiussylvestris,2,5.0,19
Nemobiussylvestris/Nemobiussylvestris_NoID_20210724_144844.M.wav,Nemobiussylvestris,0,0.0,16
Nemobiussylvestris/Nemobiussylvestris_NoID_20210724_144844.M.wav,Nemobiussylvestris,1,2.5,-1
Nemobiussylvestris/Nemobiussylvestris_NoID_20210724_144844.M.wav,Nemobiussylvestris,2,5.0,-1
Nemobiussylvestris/Nemobiussylvestris_No_ID_20170828_205643.M.wav,Nemobiussylvestris,0,0.0,29
Nemobiussylvestris/Nemobiussylvestris_No_ID_20170828_205643.M.wav,Nemobiussylvestris,1,2.5,29
Nemobiussylvestris/Nemobiussylvestris_No_ID_20170828_205643.M.wav,Nemobiussylvestris,2,5.0,29
Nemobiussylvestris/Nemobiussylvestris_No_ID_20170828_205643.M.wav,Nemobiussylvestris,3,7.5,29
Nemobiussylvestris/Nemobiussylvestris_No_ID_20170828_205759.M.wav,Nemobiussylvestris,0,0.0,29
Nemobiussylvestris/Nemobiussylvestris_No_ID_20170828_205759.M.wav,Nemobiussylvestris,1,2.5,29
Nemobiussylvestris/Nemobiussylvestris_No_ID_20170828_205759.M.wav,Nemobiussylvestris,2,5.0,29
Nemobiussylvestris/Nemobiussylvestris_No_ID_20170828_205759.M.wav,Nemobiussylvestris,3,7.5,29
Nemobiussylvestris/Nemobiussylvestris_Take16.wav,Nemobiussylvestris,0,0.0,11
Nemobiussylvestris/Nemobiussylvestris_Take16.wav,Nemobiussylvestris,1,2.5,11
Nemobiussylvestris/Nemobiussylvestris_Take16.wav,Nemobiussylvestris,2,5.0,11
Nemobiussylvestris/Nemobiussylvestris_Take16.wav,Nemobiussylvestris,3,7.5,11
Nemobiussylvestris/Nemobiussylvestris_Take16.wav,Nemobiussylvestris,4,10.0,11
Nemobiussylvestris/Nemobiussylvestris_Take16.wav,Nemobiussylvestris,5,12.5,11
Nemobiussylvestris/Nemobiussylvestris_Take16.wav,Nemobiussylvestris,6,15.0,11
Nemobiussylvestris/Nemobiussylvestris_Take16.wav,Nemobiussylvestris,7,17.5,-1
Nemobiussylvestris/Nemobiussylvestris_Take16.wav,Nemobiussylvestris,8,20.0,16
Nemobiussylvestris/Nemobiussylvestris_Take16.wav,Nemobiussylvestris,9,22.5,15
Nemobiussylvestris/Nemobiussylvestris_Take16.wav,Nemobiussylvestris,10,25.0,16
Nemobiussylvestris/Nemobiussylvestris_Take16.wav,Nemobiussylvestris,11,27.5,16
Nemobiussylvestris/Nemobiussylvestris_Take16.wav,Nemobiussylvestris,12,30.0,11
Nemobiussylvestris/Nemobiussylvestris_Take16.wav,Nemobiussylvestris,13,32.5,11
Nemobiussylvestris/Nemobiussylvestris_Take16.wav,Nemobiussylvestris,14,35.0,11
Nemobiussylvestris/Nemobiussylvestris_Take16.wav,Nemobiussylvestris,15,37.5,36
Nemobiussylvestris/Nemobiussylvestris_Take16.wav,Nemobiussylvestris,16,40.0,27
Nemobiussylvestris/Nemobiussylvestris_Take17.wav,Nemobiussylvestris,0,0.0,11
Nemobiussylvestris/Nemobiussylvestris_Take17.wav,Nemobiussylvestris,1,2.5,16
Nemobiussylvestris/Nemobiussylvestris_Take17.wav,Nemobiussylvestris,2,5.0,16
Nemobiussylvestris/Nemobiussylvestris_Take17.wav,Nemobiussylvestris,3,7.5,16
Nemobiussylvestris/Nemobiussylvestris_Take17.wav,Nemobiussylvestris,4,10.0,16
Nemobiussylvestris/Nemobiussylvestris_Take17.wav,Nemobiussylvestris,5,12.5,15
Nemobiussylvestris/Nemobiussylvestris_Take17.wav,Nemobiussylvestris,6,15.0,15
Nemobiussylvestris/Nemobiussylvestris_Take17.wav,Nemobiussylvestris,7,17.5,16
Nemobiussylvestris/Nemobiussylvestris_Take17.wav,Nemobiussylvestris,8,20.0,16
Nemobiussylvestris/Nemobiussylvestris_Take17.wav,Nemobiussylvestris,9,22.5,11
Nemobiussylvestris/Nemobiussylvestris_Take17.wav,Nemobiussylvestris,10,25.0,11
Nemobiussylvestris/Nemobiussylvestris_Take17.wav,Nemobiussylvestris,11,27.5,16
Nemobiussylvestris/Nemobiussylvestris_Take17.wav,Nemobiussylvestris,12,30.0,15
Nemobiussylvestris/Nemobiussylvestris_Take17.wav,Nemobiussylvestris,13,32.5,15
Nemobiussylvestris/Nemobiussylvestris_Take17.wav,Nemobiussylvestris,14,35.0,16
Nemobiussylvestris/Nemobiussylvestris_Take17.wav,Nemobiussylvestris,15,37.5,16
Nemobiussylvestris/Nemobiussylvestris_Take17.wav,Nemobiussylvestris,16,40.0,16
Nemobiussylvestris/Nemobiussylvestris_Take17.wav,Nemobiussylvestris,17,42.5,16
Nemobiussylvestris/Nemobiussylvestris_Take17.wav,Nemobiussylvestris,18,45.0,16
Nemobiussylvestris/Nemobiussylvestris_Take17.wav,Nemobiussylvestris,19,47.5,16
Nemobiussylvestris/Nemobiussylvestris_Take17.wav,Nemobiussylvestris,20,50.0,16
Nemobiussylvestris/Nemobiussylvestris_Take17.wav,Nemobiussylvestris,21,52.5,15
Nemobiussylvestris/Nemobiussylvestris_Take17.wav,Nemobiussylvestris,22,55.0,15
Nemobiussylvestris/Nemobiussylvestris_Take17.wav,Nemobiussylvestris,23,57.5,15
Nemobiussylvestris/Nemobiussylvestris_Take17.wav,Nemobiussylvestris,24,60.0,15
Nemobiussylvestris/Nemobiussylvestris_Take17.wav,Nemobiussylvestris,25,62.5,15
Nemobiussylvestris/Nemobiussylvestris_Take17.wav,Nemobiussylvestris,26,65.0,15
Nemobiussylvestris/Nemobiussylvestris_Take17.wav,Nemobiussylvestris,27,67.5,15
Nemobiussylvestris/Nemobiussylvestris_Take17.wav,Nemobiussylvestris,28,70.0,16
Nemobiussylvestris/Nemobiussylvestris_Take17.wav,Nemobiussylvestris,29,72.5,16
Nemobiussylvestris/Nemobiussylvestris_Take17.wav,Nemobiussylvestris,30,75.0,16
Nemobiussylvestris/Nemobiussylvestris_Take17.wav,Nemobiussylvestris,31,77.5,16
Nemobiussylvestris/Nemobiussylvestris_Take17.wav,Nemobiussylvestris,32,80.0,16
Nemobiussylvestris/Nemobiussylvestris_Take17.wav,Nemobiussylvestris,33,82.5,16
Nemobiussylvestris/Nemobiussylvestris_Take17.wav,Nemobiussylvestris,34,85.0,16
Nemobiussylvestris/Nemobiussylvestris_Take17.wav,Nemobiussylvestris,35,87.5,15
Nemobiussylvestris/Nemobiussylvestris_Take17.wav,Nemobiussylvestris,36,90.0,15
Nemobiussylvestris/Nemobiussylvestris_Take17.wav,Nemobiussylvestris,37,92.5,16
Nemobiussylvestris/Nemobiussylvestris_Take17.wav,Nemobiussylvestris,38,95.0,19
Nemobiussylvestris/Nemobiussylvestris_Take17.wav,Nemobiussylvestris,39,97.5,27
Nemobiussylvestris/Nemobiussylvestris_Take20.wav,Nemobiussylvestris,0,0.0,8
Nemobiussylvestris/Nemobiussylvestris_Take20.wav,Nemobiussylvestris,1,2.5,21
Nemobiussylvestris/Nemobiussylvestris_Take20.wav,Nemobiussylvestris,2,5.0,20
Nemobiussylvestris/Nemobiussylvestris_Take20.wav,Nemobiussylvestris,3,7.5,20
Nemobiussylvestris/Nemobiussylvestris_Take20.wav,Nemobiussylvestris,4,10.0,20
Nemobiussylvestris/Nemobiussylvestris_Take20.wav,Nemobiussylvestris,5,12.5,20
Nemobiussylvestris/Nemobiussylvestris_Take20.wav,Nemobiussylvestris,6,15.0,20
Nemobiussylvestris/Nemobiussylvestris_Take20.wav,Nemobiussylvestris,7,17.5,-1
Nemobiussylvestris/Nemobiussylvestris_Take20.wav,Nemobiussylvestris,8,20.0,21
Nemobiussylvestris/Nemobiussylvestris_Take20.wav,Nemobiussylvestris,9,22.5,8
Nemobiussylvestris/Nemobiussylvestris_Take20.wav,Nemobiussylvestris,10,25.0,8
Nemobiussylvestris/Nemobiussylvestris_Take20.wav,Nemobiussylvestris,11,27.5,8
Nemobiussylvestris/Nemobiussylvestris_Take20.wav,Nemobiussylvestris,12,30.0,8
Nemobiussylvestris/Nemobiussylvestris_Take20.wav,Nemobiussylvestris,13,32.5,21
Nemobiussylvestris/Nemobiussylvestris_Take20.wav,Nemobiussylvestris,14,35.0,21
Nemobiussylvestris/Nemobiussylvestris_Take20.wav,Nemobiussylvestris,15,37.5,21
Nemobiussylvestris/Nemobiussylvestris_Take20.wav,Nemobiussylvestris,16,40.0,20
Nemobiussylvestris/Nemobiussylvestris_Take20.wav,Nemobiussylvestris,17,42.5,20
Nemobiussylvestris/Nemobiussylvestris_Take20.wav,Nemobiussylvestris,18,45.0,20
Nemobiussylvestris/Nemobiussylvestris_Take20.wav,Nemobiussylvestris,19,47.5,20
Nemobiussylvestris/Nemobiussylvestris_Take20.wav,Nemobiussylvestris,20,50.0,20
Nemobiussylvestris/Nemobiussylvestris_Take20.wav,Nemobiussylvestris,21,52.5,20
Nemobiussylvestris/Nemobiussylvestris_Take20.wav,Nemobiussylvestris,22,55.0,20
Nemobiussylvestris/Nemobiussylvestris_Take20.wav,Nemobiussylvestris,23,57.5,20
Nemobiussylvestris/Nemobiussylvestris_Take20.wav,Nemobiussylvestris,24,60.0,21
Nemobiussylvestris/Nemobiussylvestris_Take20.wav,Nemobiussylvestris,25,62.5,8
Nemobiussylvestris/Nemobiussylvestris_Take20.wav,Nemobiussylvestris,26,65.0,8
Nemobiussylvestris/Nemobiussylvestris_Take20.wav,Nemobiussylvestris,27,67.5,8
Nemobiussylvestris/Nemobiussylvestris_Take20.wav,Nemobiussylvestris,28,70.0,8
Nemobiussylvestris/Nemobiussylvestris_Take20.wav,Nemobiussylvestris,29,72.5,8
Nemobiussylvestris/Nemobiussylvestris_Take20.wav,Nemobiussylvestris,30,75.0,8
Nemobiussylvestris/Nemobiussylvestris_Take20.wav,Nemobiussylvestris,31,77.5,21
Nemobiussylvestris/Nemobiussylvestris_Take20.wav,Nemobiussylvestris,32,80.0,20
Nemobiussylvestris/Nemobiussylvestris_Take20.wav,Nemobiussylvestris,33,82.5,20
Nemobiussylvestris/Nemobiussylvestris_Take20.wav,Nemobiussylvestris,34,85.0,20
Nemobiussylvestris/Nemobiussylvestris_Take20.wav,Nemobiussylvestris,35,87.5,20
Nemobiussylvestris/Nemobiussylvestris_Take20.wav,Nemobiussylvestris,36,90.0,20
Nemobiussylvestris/Nemobiussylvestris_Take20.wav,Nemobiussylvestris,37,92.5,20
Nemobiussylvestris/Nemobiussylvestris_Take20.wav,Nemobiussylvestris,38,95.0,21
Nemobiussylvestris/Nemobiussylvestris_Take20.wav,Nemobiussylvestris,39,97.5,8
Nemobiussylvestris/Nemobiussylvestris_Take20.wav,Nemobiussylvestris,40,100.0,8
Nemobiussylvestris/Nemobiussylvestris_Take20.wav,Nemobiussylvestris,41,102.5,8
Nemobiussylvestris/Nemobiussylvestris_Take20.wav,Nemobiussylvestris,42,105.0,8
Nemobiussylvestris/Nemobiussylvestris_Take20.wav,Nemobiussylvestris,43,107.5,8
Nemobiussylvestris/Nemobiussylvestris_Take20.wav,Nemobiussylvestris,44,110.0,8
Nemobiussylvestris/Nemobiussylvestris_Take20.wav,Nemobiussylvestris,45,112.5,8
Nemobiussylvestris/Nemobiussylvestris_Take20.wav,Nemobiussylvestris,46,115.0,21
Nemobiussylvestris/Nemobiussylvestris_Take20.wav,Nemobiussylvestris,47,117.5,20
Nemobiussylvestris/Nemobiussylvestris_Take20.wav,Nemobiussylvestris,48,120.0,20
Nemobiussylvestris/Nemobiussylvestris_Take20.wav,Nemobiussylvestris,49,122.5,20
Nemobiussylvestris/Nemobiussylvestris_Take20.wav,Nemobiussylvestris,50,125.0,20
Nemobiussylvestris/Nemobiussylvestris_Take20.wav,Nemobiussylvestris,51,127.5,20
Nemobiussylvestris/Nemobiussylvestris_Take20.wav,Nemobiussylvestris,52,130.0,21
Nemobiussylvestris/Nemobiussylvestris_Take20.wav,Nemobiussylvestris,53,132.5,21
Nemobiussylvestris/Nemobiussylvestris_Take20.wav,Nemobiussylvestris,54,135.0,21
Nemobiussylvestris/Nemobiussylvestris_Take20.wav,Nemobiussylvestris,55,137.5,-1
Nemobiussylvestris/Nemobiussylvestris_Take20.wav,Nemobiussylvestris,56,140.0,20
Nemobiussylvestris/Nemobiussylvestris_Take20.wav,Nemobiussylvestris,57,142.5,20
Nemobiussylvestris/Nemobiussylvestris_Take20.wav,Nemobiussylvestris,58,145.0,20
Nemobiussylvestris/Nemobiussylvestris_Take20.wav,Nemobiussylvestris,59,147.5,20
Nemobiussylvestris/Nemobiussylvestris_Take20.wav,Nemobiussylvestris,60,150.0,20
Nemobiussylvestris/Nemobiussylvestris_Take20.wav,Nemobiussylvestris,61,152.5,21
Nemobiussylvestris/Nemobiussylvestris_Take20.wav,Nemobiussylvestris,62,155.0,21
Nemobiussylvestris/Nemobiussylvestris_Take20.wav,Nemobiussylvestris,63,157.5,8
Nemobiussylvestris/Nemobiussylvestris_Take20.wav,Nemobiussylvestris,64,160.0,8
Nemobiussylvestris/Nemobiussylvestris_Take20.wav,Nemobiussylvestris,65,162.5,8
Nemobiussylvestris/Nemobiussylvestris_Take20.wav,Nemobiussylvestris,66,165.0,36
Nemobiussylvestris/Nemobiussylvestris_Take21-1.wav,Nemobiussylvestris,0,0.0,19
Nemobiussylvestris/Nemobiussylvestris_Take21.wav,Nemobiussylvestris,0,0.0,21
Nemobiussylvestris/Nemobiussylvestris_Take21.wav,Nemobiussylvestris,1,2.5,21
Nemobiussylvestris/Nemobiussylvestris_Take21.wav,Nemobiussylvestris,2,5.0,20
Nemobiussylvestris/Nemobiussylvestris_Take21.wav,Nemobiussylvestris,3,7.5,20
Nemobiussylvestris/Nemobiussylvestris_Take21.wav,Nemobiussylvestris,4,10.0,20
Nemobiussylvestris/Nemobiussylvestris_Take21.wav,Nemobiussylvestris,5,12.5,20
Nemobiussylvestris/Nemobiussylvestris_Take21.wav,Nemobiussylvestris,6,15.0,20
Nemobiussylvestris/Nemobiussylvestris_Take21.wav,Nemobiussylvestris,7,17.5,20
Nemobiussylvestris/Nemobiussylvestris_Take21.wav,Nemobiussylvestris,8,20.0,20
Nemobiussylvestris/Nemobiussylvestris_Take21.wav,Nemobiussylvestris,9,22.5,-1
Nemobiussylvestris/Nemobiussylvestris_Take21.wav,Nemobiussylvestris,10,25.0,21
Nemobiussylvestris/Nemobiussylvestris_Take21.wav,Nemobiussylvestris,11,27.5,-1
Nemobiussylvestris/Nemobiussylvestris_Take21.wav,Nemobiussylvestris,12,30.0,-1
Nemobiussylvestris/Nemobiussylvestris_Take23.wav,Nemobiussylvestris,0,0.0,11
Nemobiussylvestris/Nemobiussylvestris_Take23.wav,Nemobiussylvestris,1,2.5,-1
Nemobiussylvestris/Nemobiussylvestris_Take23.wav,Nemobiussylvestris,2,5.0,7
Nemobiussylvestris/Nemobiussylvestris_Take23.wav,Nemobiussylvestris,3,7.5,7
Nemobiussylvestris/Nemobiussylvestris_Take23.wav,Nemobiussylvestris,4,10.0,7
Nemobiussylvestris/Nemobiussylvestris_Take23.wav,Nemobiussylvestris,5,12.5,7
Nemobiussylvestris/Nemobiussylvestris_Take23.wav,Nemobiussylvestris,6,15.0,7
Nemobiussylvestris/Nemobiussylvestris_Take23.wav,Nemobiussylvestris,7,17.5,7
Nemobiussylvestris/Nemobiussylvestris_Take23.wav,Nemobiussylvestris,8,20.0,-1
Nemobiussylvestris/Nemobiussylvestris_Take23.wav,Nemobiussylvestris,9,22.5,36
Nemobiussylvestris/Nemobiussylvestris_VOC_120808-0078.wav,Nemobiussylvestris,0,0.0,-1
Nemobiussylvestris/Nemobiussylvestris_dat004-031.M.wav,Nemobiussylvestris,0,0.0,11
Nemobiussylvestris/Nemobiussylvestris_dat004-031.M.wav,Nemobiussylvestris,1,2.5,-1
Nemobiussylvestris/Nemobiussylvestris_dat004-031.M.wav,Nemobiussylvestris,2,5.0,19
Nemobiussylvestris/Nemobiussylvestris_dat004-031.M.wav,Nemobiussylvestris,3,7.5,31
Nemobiussylvestris/Nemobiussylvestris_dat004-037.M.wav,Nemobiussylvestris,0,0.0,-1
Nemobiussylvestris/Nemobiussylvestris_dat004-037.M.wav,Nemobiussylvestris,1,2.5,19
Nemobiussylvestris/Nemobiussylvestris_dat016-020.wav,Nemobiussylvestris,0,0.0,19
Nemobiussylvestris/Nemobiussylvestris_dat016-020.wav,Nemobiussylvestris,1,2.5,19
Nemobiussylvestris/Nemobiussylvestris_dat017-001.wav,Nemobiussylvestris,0,0.0,6
Nemobiussylvestris/Nemobiussylvestris_dat017-001.wav,Nemobiussylvestris,1,2.5,6
Nemobiussylvestris/Nemobiussylvestris_dat017-001.wav,Nemobiussylvestris,2,5.0,6
Nemobiussylvestris/Nemobiussylvestris_dat017-001.wav,Nemobiussylvestris,3,7.5,6
Nemobiussylvestris/Nemobiussylvestris_dat017-001.wav,Nemobiussylvestris,4,10.0,6
Nemobiussylvestris/Nemobiussylvestris_dat017-001.wav,Nemobiussylvestris,5,12.5,6
Nemobiussylvestris/Nemobiussylvestris_dat017-001.wav,Nemobiussylvestris,6,15.0,6
Nemobiussylvestris/Nemobiussylvestris_dat017-001.wav,Nemobiussylvestris,7,17.5,6
Nemobiussylvestris/Nemobiussylvestris_dat017-001.wav,Nemobiussylvestris,8,20.0,6
Nemobiussylvestris/Nemobiussylvestris_dat017-001.wav,Nemobiussylvestris,9,22.5,6
Nemobiussylvestris/Nemobiussylvestris_dat017-001.wav,Nemobiussylvestris,10,25.0,6
Nemobiussylvestris/Nemobiussylvestris_dat017-001.wav,Nemobiussylvestris,11,27.5,19
Nemobiussylvestris/Nemobiussylvestris_dat017-001.wav,Nemobiussylvestris,12,30.0,-1
Nemobiussylvestris/Nemobiussylvestris_dat044-015.wav,Nemobiussylvestris,0,0.0,14
Nemobiussylvestris/Nemobiussylvestris_dat044-015.wav,Nemobiussylvestris,1,2.5,14
Nemobiussylvestris/Nemobiussylvestris_dat044-015.wav,Nemobiussylvestris,2,5.0,14
Nemobiussylvestris/Nemobiussylvestris_dat044-015.wav,Nemobiussylvestris,3,7.5,14
Nemobiussylvestris/Nemobiussylvestris_dat044-015.wav,Nemobiussylvestris,4,10.0,36
Nemobiussylvestris/Nemobiussylvestris_dat044-015.wav,Nemobiussylvestris,5,12.5,27
Nemobiussylvestris/Nemobiussylvestris_dat145-001.wav,Nemobiussylvestris,0,0.0,-1
Nemobiussylvestris/Nemobiussylvestris_dat145-001.wav,Nemobiussylvestris,1,2.5,12
Nemobiussylvestris/Nemobiussylvestris_dat145-001.wav,Nemobiussylvestris,2,5.0,12
Nemobiussylvestris/Nemobiussylvestris_dat145-001.wav,Nemobiussylvestris,3,7.5,12
Nemobiussylvestris/Nemobiussylvestris_dat145-001.wav,Nemobiussylvestris,4,10.0,12
Nemobiussylvestris/Nemobiussylvestris_dat145-001.wav,Nemobiussylvestris,5,12.5,12
Nemobiussylvestris/Nemobiussylvestris_dat145-001.wav,Nemobiussylvestris,6,15.0,12
Nemobiussylvestris/Nemobiussylvestris_dat145-001.wav,Nemobiussylvestris,7,17.5,12
Nemobiussylvestris/Nemobiussylvestris_dat145-001.wav,Nemobiussylvestris,8,20.0,12
Nemobiussylvestris/Nemobiussylvestris_dat145-001.wav,Nemobiussylvestris,9,22.5,12
Nemobiussylvestris/Nemobiussylvestris_dat145-001.wav,Nemobiussylvestris,10,25.0,12
Nemobiussylvestris/Nemobiussylvestris_dat145-001.wav,Nemobiussylvestris,11,27.5,12
Nemobiussylvestris/Nemobiussylvestris_dat145-001.wav,Nemobiussylvestris,12,30.0,12
Nemobiussylvestris/Nemobiussylvestris_dat145-001.wav,Nemobiussylvestris,13,32.5,12
Nemobiussylvestris/Nemobiussylvestris_dat145-001.wav,Nemobiussylvestris,14,35.0,-1
Nemobiussylvestris/Nemobiussylvestris_dat145-001.wav,Nemobiussylvestris,15,37.5,-1
Oecanthuspellucens/Oecanthuspellucens_Take03.M.wav,Oecanthuspellucens,0,0.0,12
Oecanthuspellucens/Oecanthuspellucens_Take03.M.wav,Oecanthuspellucens,1,2.5,12
Oecanthuspellucens/Oecanthuspellucens_Take03.M.wav,Oecanthuspellucens,2,5.0,12
Oecanthuspellucens/Oecanthuspellucens_Take03.M.wav,Oecanthuspellucens,3,7.5,12
Oecanthuspellucens/Oecanthuspellucens_Take03.M.wav,Oecanthuspellucens,4,10.0,12
Oecanthuspellucens/Oecanthuspellucens_Take03.M.wav,Oecanthuspellucens,5,12.5,12
Oecanthuspellucens/Oecanthuspellucens_Take03.M.wav,Oecanthuspellucens,6,15.0,12
Oecanthuspellucens/Oecanthuspellucens_Take03.M.wav,Oecanthuspellucens,7,17.5,12
Oecanthuspellucens/Oecanthuspellucens_Take03.M.wav,Oecanthuspellucens,8,20.0,19
Oecanthuspellucens/Oecanthuspellucens_Take05.wav,Oecanthuspellucens,0,0.0,5
Oecanthuspellucens/Oecanthuspellucens_Take05.wav,Oecanthuspellucens,1,2.5,5
Oecanthuspellucens/Oecanthuspellucens_Take05.wav,Oecanthuspellucens,2,5.0,5
Oecanthuspellucens/Oecanthuspellucens_Take05.wav,Oecanthuspellucens,3,7.5,5
Oecanthuspellucens/Oecanthuspellucens_Take05.wav,Oecanthuspellucens,4,10.0,5
Oecanthuspellucens/Oecanthuspellucens_Take05.wav,Oecanthuspellucens,5,12.5,5
Oecanthuspellucens/Oecanthuspellucens_Take05.wav,Oecanthuspellucens,6,15.0,10
Oecanthuspellucens/Oecanthuspellucens_Take05.wav,Oecanthuspellucens,7,17.5,27
Oecanthuspellucens/Oecanthuspellucens_Take38.M.wav,Oecanthuspellucens,0,0.0,4
Oecanthuspellucens/Oecanthuspellucens_Take38.M.wav,Oecanthuspellucens,1,2.5,4
Oecanthuspellucens/Oecanthuspellucens_Take38.M.wav,Oecanthuspellucens,2,5.0,4
Oecanthuspellucens/Oecanthuspellucens_Take38.M.wav,Oecanthuspellucens,3,7.5,4
Oecanthuspellucens/Oecanthuspellucens_Take38.M.wav,Oecanthuspellucens,4,10.0,4
Oecanthuspellucens/Oecanthuspellucens_Take38.M.wav,Oecanthuspellucens,5,12.5,4
Oecanthuspellucens/Oecanthuspellucens_Take38.M.wav,Oecanthuspellucens,6,15.0,4
Oecanthuspellucens/Oecanthuspellucens_Take38.M.wav,Oecanthuspellucens,7,17.5,4
Oecanthuspellucens/Oecanthuspellucens_Take38.M.wav,Oecanthuspellucens,8,20.0,4
Oecanthuspellucens/Oecanthuspellucens_Take38.M.wav,Oecanthuspellucens,9,22.5,4
Oecanthuspellucens/Oecanthuspellucens_Take38.M.wav,Oecanthuspellucens,10,25.0,4
Oecanthuspellucens/Oecanthuspellucens_Take38.M.wav,Oecanthuspellucens,11,27.5,10
Oecanthuspellucens/Oecanthuspellucens_Take39.M.wav,Oecanthuspellucens,0,0.0,5
Oecanthuspellucens/Oecanthuspellucens_Take39.M.wav,Oecanthuspellucens,1,2.5,5
Oecanthuspellucens/Oecanthuspellucens_Take39.M.wav,Oecanthuspellucens,2,5.0,5
Oecanthuspellucens/Oecanthuspellucens_Take39.M.wav,Oecanthuspellucens,3,7.5,5
Oecanthuspellucens/Oecanthuspellucens_Take39.M.wav,Oecanthuspellucens,4,10.0,5
Oecanthuspellucens/Oecanthuspellucens_Take39.M.wav,Oecanthuspellucens,5,12.5,10
Oecanthuspellucens/Oecanthuspellucens_Take40.M.wav,Oecanthuspellucens,0,0.0,5
Oecanthuspellucens/Oecanthuspellucens_Take40.M.wav,Oecanthuspellucens,1,2.5,5
Oecanthuspellucens/Oecanthuspellucens_Take40.M.wav,Oecanthuspellucens,2,5.0,5
Oecanthuspellucens/Oecanthuspellucens_Take40.M.wav,Oecanthuspellucens,3,7.5,5
Oecanthuspellucens/Oecanthuspellucens_Take40.M.wav,Oecanthuspellucens,4,10.0,5
Oecanthuspellucens/Oecanthuspellucens_Take40.M.wav,Oecanthuspellucens,5,12.5,5
Oecanthuspellucens/Oecanthuspellucens_Take40.M.wav,Oecanthuspellucens,6,15.0,5
Oecanthuspellucens/Oecanthuspellucens_Take40.M.wav,Oecanthuspellucens,7,17.5,10
Oecanthuspellucens/Oecanthuspellucens_Take47.M.wav,Oecanthuspellucens,0,0.0,-1
Oecanthuspellucens/Oecanthuspellucens_Take47.M.wav,Oecanthuspellucens,1,2.5,-1
Oecanthuspellucens/Oecanthuspellucens_Take47.M.wav,Oecanthuspellucens,2,5.0,-1
Oecanthuspellucens/Oecanthuspellucens_Take47.M.wav,Oecanthuspellucens,3,7.5,-1
Oecanthuspellucens/Oecanthuspellucens_Take47.M.wav,Oecanthuspellucens,4,10.0,-1
Oecanthuspellucens/Oecanthuspellucens_Take47.M.wav,Oecanthuspellucens,5,12.5,-1
Oecanthuspellucens/Oecanthuspellucens_Take47.M.wav,Oecanthuspellucens,6,15.0,27
Oecanthuspellucens/Oecanthuspellucens_Take73.M.wav,Oecanthuspellucens,0,0.0,5
Oecanthuspellucens/Oecanthuspellucens_Take73.M.wav,Oecanthuspellucens,1,2.5,5
Oecanthuspellucens/Oecanthuspellucens_Take73.M.wav,Oecanthuspellucens,2,5.0,5
Oecanthuspellucens/Oecanthuspellucens_Take73.M.wav,Oecanthuspellucens,3,7.5,10
Oecanthuspellucens/Oecanthuspellucens_dat026-008.M.wav,Oecanthuspellucens,0,0.0,3
Oecanthuspellucens/Oecanthuspellucens_dat026-008.M.wav,Oecanthuspellucens,1,2.5,3
Oecanthuspellucens/Oecanthuspellucens_dat026-008.M.wav,Oecanthuspellucens,2,5.0,3
Oecanthuspellucens/Oecanthuspellucens_dat026-008.M.wav,Oecanthuspellucens,3,7.5,3
Oecanthuspellucens/Oecanthuspellucens_dat026-008.M.wav,Oecanthuspellucens,4,10.0,3
Oecanthuspellucens/Oecanthuspellucens_dat026-008.M.wav,Oecanthuspellucens,5,12.5,10
Oecanthuspellucens/Oecanthuspellucens_dat116-008.M.wav,Oecanthuspellucens,0,0.0,3
Oecanthuspellucens/Oecanthuspellucens_dat116-008.M.wav,Oecanthuspellucens,1,2.5,3
Oecanthuspellucens/Oecanthuspellucens_dat116-008.M.wav,Oecanthuspellucens,2,5.0,3
Oecanthuspellucens/Oecanthuspellucens_dat116-008.M.wav,Oecanthuspellucens,3,7.5,3
Oecanthuspellucens/Oecanthuspellucens_dat116-008.M.wav,Oecanthuspellucens,4,10.0,3
Oecanthuspellucens/Oecanthuspellucens_dat116-008.M.wav,Oecanthuspellucens,5,12.5,3
Oecanthuspellucens/Oecanthuspellucens_dat116-008.M.wav,Oecanthuspellucens,6,15.0,3
Oecanthuspellucens/Oecanthuspellucens_dat116-008.M.wav,Oecanthuspellucens,7,17.5,3
Oecanthuspellucens/Oecanthuspellucens_dat116-008.M.wav,Oecanthuspellucens,8,20.0,10
Oecanthuspellucens/Oecanthuspellucens_dat168-015.wav,Oecanthuspellucens,0,0.0,-1
Oecanthuspellucens/Oecanthuspellucens_dat168-015.wav,Oecanthuspellucens,1,2.5,-1
Oecanthuspellucens/Oecanthuspellucens_dat168-015.wav,Oecanthuspellucens,2,5.0,-1
Oecanthuspellucens/Oecanthuspellucens_dat168-015.wav,Oecanthuspellucens,3,7.5,-1
Oecanthuspellucens/Oecanthuspellucens_dat168-015.wav,Oecanthuspellucens,4,10.0,-1
Oecanthuspellucens/Oecanthuspellucens_dat168-015.wav,Oecanthuspellucens,5,12.5,-1
Oecanthuspellucens/Oecanthuspellucens_dat168-015.wav,Oecanthuspellucens,6,15.0,-1
Oecanthuspellucens/Oecanthuspellucens_dat168-015.wav,Oecanthuspellucens,7,17.5,-1
Oecanthuspellucens/Oecanthuspellucens_dat168-015.wav,Oecanthuspellucens,8,20.0,-1
Oecanthuspellucens/Oecanthuspellucens_dat168-015.wav,Oecanthuspellucens,9,22.5,10
Oecanthuspellucens/Oecanthuspellucens_dat174-004.wav,Oecanthuspellucens,0,0.0,1
Oecanthuspellucens/Oecanthuspellucens_dat174-004.wav,Oecanthuspellucens,1,2.5,1
Oecanthuspellucens/Oecanthuspellucens_dat174-004.wav,Oecanthuspellucens,2,5.0,1
Oecanthuspellucens/Oecanthuspellucens_dat174-004.wav,Oecanthuspellucens,3,7.5,1
Oecanthuspellucens/Oecanthuspellucens_dat174-004.wav,Oecanthuspellucens,4,10.0,1
Oecanthuspellucens/Oecanthuspellucens_dat174-004.wav,Oecanthuspellucens,5,12.5,1
Oecanthuspellucens/Oecanthuspellucens_dat174-004.wav,Oecanthuspellucens,6,15.0,10
Oecanthuspellucens/Oecanthuspellucens_dat174-005.wav,Oecanthuspellucens,0,0.0,1
Oecanthuspellucens/Oecanthuspellucens_dat174-005.wav,Oecanthuspellucens,1,2.5,1
Oecanthuspellucens/Oecanthuspellucens_dat174-005.wav,Oecanthuspellucens,2,5.0,1
Oecanthuspellucens/Oecanthuspellucens_dat174-005.wav,Oecanthuspellucens,3,7.5,1
Oecanthuspellucens/Oecanthuspellucens_dat174-005.wav,Oecanthuspellucens,4,10.0,1
Oecanthuspellucens/Oecanthuspellucens_dat174-005.wav,Oecanthuspellucens,5,12.5,1
Oecanthuspellucens/Oecanthuspellucens_dat174-005.wav,Oecanthuspellucens,6,15.0,1
Oecanthuspellucens/Oecanthuspellucens_dat174-005.wav,Oecanthuspellucens,7,17.5,10
Oecanthuspellucens/Oecanthuspellucens_dat213-001.wav,Oecanthuspellucens,0,0.0,0
Oecanthuspellucens/Oecanthuspellucens_dat213-001.wav,Oecanthuspellucens,1,2.5,0
Oecanthuspellucens/Oecanthuspellucens_dat213-001.wav,Oecanthuspellucens,2,5.0,0
Oecanthuspellucens/Oecanthuspellucens_dat213-001.wav,Oecanthuspellucens,3,7.5,0
Oecanthuspellucens/Oecanthuspellucens_dat213-001.wav,Oecanthuspellucens,4,10.0,0
Oecanthuspellucens/Oecanthuspellucens_dat213-001.wav,Oecanthuspellucens,5,12.5,0
Oecanthuspellucens/Oecanthuspellucens_dat213-001.wav,Oecanthuspellucens,6,15.0,0
Oecanthuspellucens/Oecanthuspellucens_dat213-001.wav,Oecanthuspellucens,7,17.5,0
Oecanthuspellucens/Oecanthuspellucens_dat213-001.wav,Oecanthuspellucens,8,20.0,0
Oecanthuspellucens/Oecanthuspellucens_dat213-001.wav,Oecanthuspellucens,9,22.5,0
Oecanthuspellucens/Oecanthuspellucens_dat213-001.wav,Oecanthuspellucens,10,25.0,0
Oecanthuspellucens/Oecanthuspellucens_dat213-001.wav,Oecanthuspellucens,11,27.5,10
Oecanthuspellucens/Oecanthuspellucens_dat213-002.wav,Oecanthuspellucens,0,0.0,1
Oecanthuspellucens/Oecanthuspellucens_dat213-002.wav,Oecanthuspellucens,1,2.5,1
Oecanthuspellucens/Oecanthuspellucens_dat213-002.wav,Oecanthuspellucens,2,5.0,1
Oecanthuspellucens/Oecanthuspellucens_dat213-002.wav,Oecanthuspellucens,3,7.5,1
Oecanthuspellucens/Oecanthuspellucens_dat213-002.wav,Oecanthuspellucens,4,10.0,1
Oecanthuspellucens/Oecanthuspellucens_dat213-002.wav,Oecanthuspellucens,5,12.5,1
Oecanthuspellucens/Oecanthuspellucens_dat213-002.wav,Oecanthuspellucens,6,15.0,10
Oecanthuspellucens/Oecanthuspellucens_dat213-002.wav,Oecanthuspellucens,7,17.5,10
Pholidopteragriseoaptera/Pholidopteragriseoaptera_20200705_063934.M.wav,Pholidopteragriseoaptera,0,0.0,28
Pholidopteragriseoaptera/Pholidopteragriseoaptera_20200705_063934.M.wav,Pholidopteragriseoaptera,1,2.5,28
Pholidopteragriseoaptera/Pholidopteragriseoaptera_20200705_063934.M.wav,Pholidopteragriseoaptera,2,5.0,28
Pholidopteragriseoaptera/Pholidopteragriseoaptera_20200705_063934.M.wav,Pholidopteragriseoaptera,3,7.5,28
Pholidopteragriseoaptera/Pholidopteragriseoaptera_20200705_063934.M.wav,Pholidopteragriseoaptera,4,10.0,28
Pholidopteragriseoaptera/Pholidopteragriseoaptera_20200705_063934.M.wav,Pholidopteragriseoaptera,5,12.5,28
Pholidopteragriseoaptera/Pholidopteragriseoaptera_20200705_063934.M.wav,Pholidopteragriseoaptera,6,15.0,28
Pholidopteragriseoaptera/Pholidopteragriseoaptera_20200705_063934.M.wav,Pholidopteragriseoaptera,7,17.5,28
Pholidopteragriseoaptera/Pholidopteragriseoaptera_20200705_063934.M.wav,Pholidopteragriseoaptera,8,20.0,29
Pholidopteragriseoaptera/Pholidopteragriseoaptera_NoID_20190907_210359.M.wav,Pholidopteragriseoaptera,0,0.0,-1
Pholidopteragriseoaptera/Pholidopteragriseoaptera_NoID_20190907_210359.M.wav,Pholidopteragriseoaptera,1,2.5,-1
Pholidopteragriseoaptera/Pholidopteragriseoaptera_NoID_20190907_210359.M.wav,Pholidopteragriseoaptera,2,5.0,36
Pholidopteragriseoaptera/Pholidopteragriseoaptera_NoID_20200810_181548.M.wav,Pholidopteragriseoaptera,0,0.0,28
Pholidopteragriseoaptera/Pholidopteragriseoaptera_NoID_20200810_181548.M.wav,Pholidopteragriseoaptera,1,2.5,28
Pholidopteragriseoaptera/Pholidopteragriseoaptera_NoID_20200810_181548.M.wav,Pholidopteragriseoaptera,2,5.0,28
Pholidopteragriseoaptera/Pholidopteragriseoaptera_NoID_20200810_181548.M.wav,Pholidopteragriseoaptera,3,7.5,29
Pholidopteragriseoaptera/Pholidopteragriseoaptera_PHOGRI_20190914_155550.M.wav,Pholidopteragriseoaptera,0,0.0,28
Pholidopteragriseoaptera/Pholidopteragriseoaptera_PHOGRI_20190914_155550.M.wav,Pholidopteragriseoaptera,1,2.5,29
Pholidopteragriseoaptera/Pholidopteragriseoaptera_PHOGRI_20190914_155550.M.wav,Pholidopteragriseoaptera,2,5.0,-1
Pholidopteragriseoaptera/Pholidopteragriseoaptera_Ultramic_20130915 203136.M.wav,Pholidopteragriseoaptera,0,0.0,-1
Pholidopteragriseoaptera/Pholidopteragriseoaptera_Ultramic_20130915 203136.M.wav,Pholidopteragriseoaptera,1,2.5,29
Pholidopteragriseoaptera/Pholidopteragriseoaptera___20150723_231036.M.wav,Pholidopteragriseoaptera,0,0.0,-1
Pholidopteragriseoaptera/Pholidopteragriseoaptera___20150723_231036.M.wav,Pholidopteragriseoaptera,1,2.5,-1
Pholidopteragriseoaptera/Pholidopteragriseoaptera___20150723_231036.M.wav,Pholidopteragriseoaptera,2,5.0,36
Pholidopteragriseoaptera/Pholidopteragriseoaptera_dat001-054.M.wav,Pholidopteragriseoaptera,0,0.0,32
Pholidopteragriseoaptera/Pholidopteragriseoaptera_dat001-054.M.wav,Pholidopteragriseoaptera,1,2.5,36
Pholidopteragriseoaptera/Pholidopteragriseoaptera_dat003-029.M.wav,Pholidopteragriseoaptera,0,0.0,33
Pholidopteragriseoaptera/Pholidopteragriseoaptera_dat003-029.M.wav,Pholidopteragriseoaptera,1,2.5,27
Pholidopteragriseoaptera/Pholidopteragriseoaptera_dat003-037.M.wav,Pholidopteragriseoaptera,0,0.0,25
Pholidopteragriseoaptera/Pholidopteragriseoaptera_dat003-037.M.wav,Pholidopteragriseoaptera,1,2.5,33
Pholidopteragriseoaptera/Pholidopteragriseoaptera_dat003-037.M.wav,Pholidopteragriseoaptera,2,5.0,31
Pholidopteragriseoaptera/Pholidopteragriseoaptera_dat005-041.M.wav,Pholidopteragriseoaptera,0,0.0,25
Pholidopteragriseoaptera/Pholidopteragriseoaptera_dat005-041.M.wav,Pholidopteragriseoaptera,1,2.5,25
Pholidopteragriseoaptera/Pholidopteragriseoaptera_dat005-041.M.wav,Pholidopteragriseoaptera,2,5.0,36
Pholidopteragriseoaptera/Pholidopteragriseoaptera_dat006-002.M.wav,Pholidopteragriseoaptera,0,0.0,33
Pholidopteragriseoaptera/Pholidopteragriseoaptera_dat006-002.M.wav,Pholidopteragriseoaptera,1,2.5,36
Pholidopteragriseoaptera/Pholidopteragriseoaptera_dat022-004.wav,Pholidopteragriseoaptera,0,0.0,-1
Pholidopteragriseoaptera/Pholidopteragriseoaptera_dat022-004.wav,Pholidopteragriseoaptera,1,2.5,36
Pholidopteragriseoaptera/Pholidopteragriseoaptera_dat097-023.wav,Pholidopteragriseoaptera,0,0.0,25
Pholidopteragriseoaptera/Pholidopteragriseoaptera_dat097-023.wav,Pholidopteragriseoaptera,1,2.5,36
Pholidopteragriseoaptera/Pholidopteragriseoaptera_dat148-009.wav,Pholidopteragriseoaptera,0,0.0,25
Pholidopteragriseoaptera/Pholidopteragriseoaptera_dat148-009.wav,Pholidopteragriseoaptera,1,2.5,25
Pholidopteragriseoaptera/Pholidopteragriseoaptera_dat148-009.wav,Pholidopteragriseoaptera,2,5.0,25
Pholidopteragriseoaptera/Pholidopteragriseoaptera_dat148-009.wav,Pholidopteragriseoaptera,3,7.5,36
Pholidopteragriseoaptera/Pholidopteragriseoaptera_dat169-001.M.wav,Pholidopteragriseoaptera,0,0.0,-1
Pholidopteragriseoaptera/Pholidopteragriseoaptera_dat169-001.M.wav,Pholidopteragriseoaptera,1,2.5,-1
Pholidopteragriseoaptera/Pholidopteragriseoaptera_dat169-001.M.wav,Pholidopteragriseoaptera,2,5.0,-1
Pholidopteragriseoaptera/Pholidopteragriseoaptera_dat169-001.M.wav,Pholidopteragriseoaptera,3,7.5,-1
Pholidopteragriseoaptera/Pholidopteragriseoaptera_dat169-001.M.wav,Pholidopteragriseoaptera,4,10.0,-1
Pholidopteragriseoaptera/Pholidopteragriseoaptera_dat169-001.M.wav,Pholidopteragriseoaptera,5,12.5,25
Pholidopteragriseoaptera/Pholidopteragriseoaptera_dat169-001.M.wav,Pholidopteragriseoaptera,6,15.0,36
Pseudochorthippusparallelus/Pseudochorthippusparallelus_20170718_205835.M.wav,Pseudochorthippusparallelus,0,0.0,26
Pseudochorthippusparallelus/Pseudochorthippusparallelus_20170718_205835.M.wav,Pseudochorthippusparallelus,1,2.5,-1
Pseudochorthippusparallelus/Pseudochorthippusparallelus_20170718_205835.M.wav,Pseudochorthippusparallelus,2,5.0,36
Pseudochorthippusparallelus/Pseudochorthippusparallelus_CHOPAR_20190626_194920.M.wav,Pseudochorthippusparallelus,0,0.0,35
Pseudochorthippusparallelus/Pseudochorthippusparallelus_CHOPAR_20190626_194920.M.wav,Pseudochorthippusparallelus,1,2.5,27
Pseudochorthippusparallelus/Pseudochorthippusparallelus_PSEPAR_20210729_164449.M.wav,Pseudochorthippusparallelus,0,0.0,26
Pseudochorthippusparallelus/Pseudochorthippusparallelus_PSEPAR_20210729_164449.M.wav,Pseudochorthippusparallelus,1,2.5,26
Pseudochorthippusparallelus/Pseudochorthippusparallelus_PSEPAR_20210729_164449.M.wav,Pseudochorthippusparallelus,2,5.0,26
Pseudochorthippusparallelus/Pseudochorthippusparallelus_PSEPAR_20210729_164449.M.wav,Pseudochorthippusparallelus,3,7.5,26
Pseudochorthippusparallelus/Pseudochorthippusparallelus_PSEPAR_20210729_164449.M.wav,Pseudochorthippusparallelus,4,10.0,35
Pseudochorthippusparallelus/Pseudochorthippusparallelus_Take00.M.wav,Pseudochorthippusparallelus,0,0.0,24
Pseudochorthippusparallelus/Pseudochorthippusparallelus_Take00.M.wav,Pseudochorthippusparallelus,1,2.5,33
Pseudochorthippusparallelus/Pseudochorthippusparallelus_Take00.M.wav,Pseudochorthippusparallelus,2,5.0,31
Pseudochorthippusparallelus/Pseudochorthippusparallelus_VOC_150705-0325.M.wav,Pseudochorthippusparallelus,0,0.0,22
Pseudochorthippusparallelus/Pseudochorthippusparallelus_VOC_150705-0325.M.wav,Pseudochorthippusparallelus,1,2.5,33
Pseudochorthippusparallelus/Pseudochorthippusparallelus_VOC_190626-1033.wav,Pseudochorthippusparallelus,0,0.0,24
Pseudochorthippusparallelus/Pseudochorthippusparallelus_VOC_190626-1033.wav,Pseudochorthippusparallelus,1,2.5,33
Pseudochorthippusparallelus/Pseudochorthippusparallelus_VOC_190626-1033.wav,Pseudochorthippusparallelus,2,5.0,-1
Pseudochorthippusparallelus/Pseudochorthippusparallelus_dat001-044.M.wav,Pseudochorthippusparallelus,0,0.0,32
Pseudochorthippusparallelus/Pseudochorthippusparallelus_dat001-044.M.wav,Pseudochorthippusparallelus,1,2.5,-1
Pseudochorthippusparallelus/Pseudochorthippusparallelus_dat003-016.M.wav,Pseudochorthippusparallelus,0,0.0,24
Pseudochorthippusparallelus/Pseudochorthippusparallelus_dat003-016.M.wav,Pseudochorthippusparallelus,1,2.5,33
Pseudochorthippusparallelus/Pseudochorthippusparallelus_dat004-016.M.wav,Pseudochorthippusparallelus,0,0.0,24
Pseudochorthippusparallelus/Pseudochorthippusparallelus_dat004-016.M.wav,Pseudochorthippusparallelus,1,2.5,24
Pseudochorthippusparallelus/Pseudochorthippusparallelus_dat004-016.M.wav,Pseudochorthippusparallelus,2,5.0,24
Pseudochorthippusparallelus/Pseudochorthippusparallelus_dat004-016.M.wav,Pseudochorthippusparallelus,3,7.5,24
Pseudochorthippusparallelus/Pseudochorthippusparallelus_dat004-016.M.wav,Pseudochorthippusparallelus,4,10.0,24
Pseudochorthippusparallelus/Pseudochorthippusparallelus_dat004-016.M.wav,Pseudochorthippusparallelus,5,12.5,33
Pseudochorthippusparallelus/Pseudochorthippusparallelus_dat004-016.M.wav,Pseudochorthippusparallelus,6,15.0,27
Pseudochorthippusparallelus/Pseudochorthippusparallelus_dat005-060.M.wav,Pseudochorthippusparallelus,0,0.0,32
Pseudochorthippusparallelus/Pseudochorthippusparallelus_dat005-060.M.wav,Pseudochorthippusparallelus,1,2.5,31
Pseudochorthippusparallelus/Pseudochorthippusparallelus_dat023-005.wav,Pseudochorthippusparallelus,0,0.0,35
Pseudochorthippusparallelus/Pseudochorthippusparallelus_dat023-005.wav,Pseudochorthippusparallelus,1,2.5,27
Pseudochorthippusparallelus/Pseudochorthippusparallelus_dat023-006.wav,Pseudochorthippusparallelus,0,0.0,-1
Pseudochorthippusparallelus/Pseudochorthippusparallelus_dat023-006.wav,Pseudochorthippusparallelus,1,2.5,35
Pseudochorthippusparallelus/Pseudochorthippusparallelus_dat026-038.M.wav,Pseudochorthippusparallelus,0,0.0,24
Pseudochorthippusparallelus/Pseudochorthippusparallelus_dat026-038.M.wav,Pseudochorthippusparallelus,1,2.5,32
Pseudochorthippusparallelus/Pseudochorthippusparallelus_dat026-038.M.wav,Pseudochorthippusparallelus,2,5.0,36
Pseudochorthippusparallelus/Pseudochorthippusparallelus_dat027-012.M.wav,Pseudochorthippusparallelus,0,0.0,-1
Pseudochorthippusparallelus/Pseudochorthippusparallelus_dat027-012.M.wav,Pseudochorthippusparallelus,1,2.5,35
Pseudochorthippusparallelus/Pseudochorthippusparallelus_dat044-019.wav,Pseudochorthippusparallelus,0,0.0,24
Pseudochorthippusparallelus/Pseudochorthippusparallelus_dat044-019.wav,Pseudochorthippusparallelus,1,2.5,25
Pseudochorthippusparallelus/Pseudochorthippusparallelus_dat044-019.wav,Pseudochorthippusparallelus,2,5.0,25
Pseudochorthippusparallelus/Pseudochorthippusparallelus_dat044-019.wav,Pseudochorthippusparallelus,3,7.5,25
Pseudochorthippusparallelus/Pseudochorthippusparallelus_dat044-019.wav,Pseudochorthippusparallelus,4,10.0,25
Pseudochorthippusparallelus/Pseudochorthippusparallelus_dat044-019.wav,Pseudochorthippusparallelus,5,12.5,25
Pseudochorthippusparallelus/Pseudochorthippusparallelus_dat044-019.wav,Pseudochorthippusparallelus,6,15.0,25
Pseudochorthippusparallelus/Pseudochorthippusparallelus_dat044-019.wav,Pseudochorthippusparallelus,7,17.5,33
Pseudochorthippusparallelus/Pseudochorthippusparallelus_dat044-019.wav,Pseudochorthippusparallelus,8,20.0,31
Pseudochorthippusparallelus/Pseudochorthippusparallelus_dat097-021.M.wav,Pseudochorthippusparallelus,0,0.0,24
Pseudochorthippusparallelus/Pseudochorthippusparallelus_dat097-021.M.wav,Pseudochorthippusparallelus,1,2.5,-1
Pseudochorthippusparallelus/Pseudochorthippusparallelus_dat097-021.M.wav,Pseudochorthippusparallelus,2,5.0,36
Pseudochorthippusparallelus/Pseudochorthippusparallelus_dat097-022.M.wav,Pseudochorthippusparallelus,0,0.0,24
Pseudochorthippusparallelus/Pseudochorthippusparallelus_dat097-022.M.wav,Pseudochorthippusparallelus,1,2.5,33
Pseudochorthippusparallelus/Pseudochorthippusparallelus_dat097-022.M.wav,Pseudochorthippusparallelus,2,5.0,27
Roeselianaroeselii/Roeselianaroeselii_Metrioptera roeselii Echt.M.wav,Roeselianaroeselii,0,0.0,-1
Roeselianaroeselii/Roeselianaroeselii_Metrioptera roeselii Echt.M.wav,Roeselianaroeselii,1,2.5,31
Roeselianaroeselii/Roeselianaroeselii_Metrioptera roeselii Vjjl.M.wav,Roeselianaroeselii,0,0.0,-1
Roeselianaroeselii/Roeselianaroeselii_Metrioptera roeselii Vjjl.M.wav,Roeselianaroeselii,1,2.5,31
Roeselianaroeselii/Roeselianaroeselii_ROEROE_20200811_113904.M.wav,Roeselianaroeselii,0,0.0,-1
Roeselianaroeselii/Roeselianaroeselii_ROEROE_20200811_113904.M.wav,Roeselianaroeselii,1,2.5,-1
Roeselianaroeselii/Roeselianaroeselii_ROEROE_20200811_113904.M.wav,Roeselianaroeselii,2,5.0,29
Roeselianaroeselii/Roeselianaroeselii_ROEROE_20200811_113904.M.wav,Roeselianaroeselii,3,7.5,-1
Roeselianaroeselii/Roeselianaroeselii_Ultramic_20130809 190241.M.wav,Roeselianaroeselii,0,0.0,-1
Roeselianaroeselii/Roeselianaroeselii_Ultramic_20130809 190241.M.wav,Roeselianaroeselii,1,2.5,29
Roeselianaroeselii/Roeselianaroeselii_dat006-006.M.wav,Roeselianaroeselii,0,0.0,35
Roeselianaroeselii/Roeselianaroeselii_dat006-015.M.wav,Roeselianaroeselii,0,0.0,32
Roeselianaroeselii/Roeselianaroeselii_dat006-015.M.wav,Roeselianaroeselii,1,2.5,35
Roeselianaroeselii/Roeselianaroeselii_dat006-019.M.wav,Roeselianaroeselii,0,0.0,26
Roeselianaroeselii/Roeselianaroeselii_dat006-019.M.wav,Roeselianaroeselii,1,2.5,35
Roeselianaroeselii/Roeselianaroeselii_dat006-020.M.wav,Roeselianaroeselii,0,0.0,14
Roeselianaroeselii/Roeselianaroeselii_dat006-020.M.wav,Roeselianaroeselii,1,2.5,14
Roeselianaroeselii/Roeselianaroeselii_dat006-020.M.wav,Roeselianaroeselii,2,5.0,14
Roeselianaroeselii/Roeselianaroeselii_dat006-020.M.wav,Roeselianaroeselii,3,7.5,32
Roeselianaroeselii/Roeselianaroeselii_dat006-020.M.wav,Roeselianaroeselii,4,10.0,-1
Roeselianaroeselii/Roeselianaroeselii_dat015-001.M.wav,Roeselianaroeselii,0,0.0,26
Roeselianaroeselii/Roeselianaroeselii_dat015-001.M.wav,Roeselianaroeselii,1,2.5,35
Roeselianaroeselii/Roeselianaroeselii_dat018-013.M.wav,Roeselianaroeselii,0,0.0,26
Roeselianaroeselii/Roeselianaroeselii_dat018-013.M.wav,Roeselianaroeselii,1,2.5,-1
Roeselianaroeselii/Roeselianaroeselii_dat018-013.M.wav,Roeselianaroeselii,2,5.0,-1
Roeselianaroeselii/Roeselianaroeselii_dat018-013.M.wav,Roeselianaroeselii,3,7.5,26
Roeselianaroeselii/Roeselianaroeselii_dat018-013.M.wav,Roeselianaroeselii,4,10.0,26
Roeselianaroeselii/Roeselianaroeselii_dat018-013.M.wav,Roeselianaroeselii,5,12.5,-1
Roeselianaroeselii/Roeselianaroeselii_dat018-013.M.wav,Roeselianaroeselii,6,15.0,36
Roeselianaroeselii/Roeselianaroeselii_dat025-009.M.wav,Roeselianaroeselii,0,0.0,-1
Roeselianaroeselii/Roeselianaroeselii_dat025-010.M.wav,Roeselianaroeselii,0,0.0,35
Tettigoniaviridissima/Tettigoniaviridissima_200726_0062.M.wav,Tettigoniaviridissima,0,0.0,30
Tettigoniaviridissima/Tettigoniaviridissima_200726_0062.M.wav,Tettigoniaviridissima,1,2.5,34
Tettigoniaviridissima/Tettigoniaviridissima_200726_0062.M.wav,Tettigoniaviridissima,2,5.0,-1
Tettigoniaviridissima/Tettigoniaviridissima_20170629_201050.M.wav,Tettigoniaviridissima,0,0.0,30
Tettigoniaviridissima/Tettigoniaviridissima_20170629_201050.M.wav,Tettigoniaviridissima,1,2.5,-1
Tettigoniaviridissima/Tettigoniaviridissima_20170629_201050.M.wav,Tettigoniaviridissima,2,5.0,34
Tettigoniaviridissima/Tettigoniaviridissima_MixPre-198.wav,Tettigoniaviridissima,0,0.0,30
Tettigoniaviridissima/Tettigoniaviridissima_MixPre-198.wav,Tettigoniaviridissima,1,2.5,34
Tettigoniaviridissima/Tettigoniaviridissima_MixPre-198.wav,Tettigoniaviridissima,2,5.0,27
Tettigoniaviridissima/Tettigoniaviridissima_TETVIR_20200808_183034.M.wav,Tettigoniaviridissima,0,0.0,30
Tettigoniaviridissima/Tettigoniaviridissima_TETVIR_20200808_183034.M.wav,Tettigoniaviridissima,1,2.5,34
Tettigoniaviridissima/Tettigoniaviridissima_TETVIR_20200808_183034.M.wav,Tettigoniaviridissima,2,5.0,27
Tettigoniaviridissima/Tettigoniaviridissima_Take05.M.wav,Tettigoniaviridissima,0,0.0,30
Tettigoniaviridissima/Tettigoniaviridissima_Take05.M.wav,Tettigoniaviridissima,1,2.5,34
Tettigoniaviridissima/Tettigoniaviridissima_Take05.M.wav,Tettigoniaviridissima,2,5.0,-1
Tettigoniaviridissima/Tettigoniaviridissima_Take14.wav,Tettigoniaviridissima,0,0.0,32
Tettigoniaviridissima/Tettigoniaviridissima_Take14.wav,Tettigoniaviridissima,1,2.5,36
Tettigoniaviridissima/Tettigoniaviridissima_Take23.M.wav,Tettigoniaviridissima,0,0.0,30
Tettigoniaviridissima/Tettigoniaviridissima_Take23.M.wav,Tettigoniaviridissima,1,2.5,30
Tettigoniaviridissima/Tettigoniaviridissima_Take23.M.wav,Tettigoniaviridissima,2,5.0,-1
Tettigoniaviridissima/Tettigoniaviridissima_Take23.M.wav,Tettigoniaviridissima,3,7.5,34
Tettigoniaviridissima/Tettigoniaviridissima_Take70.M.wav,Tettigoniaviridissima,0,0.0,30
Tettigoniaviridissima/Tettigoniaviridissima_Take70.M.wav,Tettigoniaviridissima,1,2.5,34
Tettigoniaviridissima/Tettigoniaviridissima_Take70.M.wav,Tettigoniaviridissima,2,5.0,-1
Tettigoniaviridissima/Tettigoniaviridissima_Ultramic_20130809 212842.M.wav,Tettigoniaviridissima,0,0.0,-1
Tettigoniaviridissima/Tettigoniaviridissima_Ultramic_20130809 212842.M.wav,Tettigoniaviridissima,1,2.5,-1
Tettigoniaviridissima/Tettigoniaviridissima_Ultramic_20130809 212842.M.wav,Tettigoniaviridissima,2,5.0,-1
Tettigoniaviridissima/Tettigoniaviridissima_Ultramic_20130809 212842.M.wav,Tettigoniaviridissima,3,7.5,-1
Tettigoniaviridissima/Tettigoniaviridissima_Ultramic_20130809 212842.M.wav,Tettigoniaviridissima,4,10.0,27
Tettigoniaviridissima/Tettigoniaviridissima_dat001-006.M.wav,Tettigoniaviridissima,0,0.0,30
Tettigoniaviridissima/Tettigoniaviridissima_dat001-006.M.wav,Tettigoniaviridissima,1,2.5,34
Tettigoniaviridissima/Tettigoniaviridissima_dat001-006.M.wav,Tettigoniaviridissima,2,5.0,27
Tettigoniaviridissima/Tettigoniaviridissima_dat003-039.M.wav,Tettigoniaviridissima,0,0.0,30
Tettigoniaviridissima/Tettigoniaviridissima_dat003-039.M.wav,Tettigoniaviridissima,1,2.5,30
Tettigoniaviridissima/Tettigoniaviridissima_dat003-039.M.wav,Tettigoniaviridissima,2,5.0,34
Tettigoniaviridissima/Tettigoniaviridissima_dat017-007.M.wav,Tettigoniaviridissima,0,0.0,34
Tettigoniaviridissima/Tettigoniaviridissima_dat017-007.M.wav,Tettigoniaviridissima,1,2.5,27
Tettigoniaviridissima/Tettigoniaviridissima_dat020-004.M.wav,Tettigoniaviridissima,0,0.0,34
Tettigoniaviridissima/Tettigoniaviridissima_dat020-004.M.wav,Tettigoniaviridissima,1,2.5,34
Tettigoniaviridissima/Tettigoniaviridissima_dat029-004.M.wav,Tettigoniaviridissima,0,0.0,30
Tettigoniaviridissima/Tettigoniaviridissima_dat029-004.M.wav,Tettigoniaviridissima,1,2.5,-1
Tettigoniaviridissima/Tettigoniaviridissima_dat029-004.M.wav,Tettigoniaviridissima,2,5.0,34
Tettigoniaviridissima/Tettigoniaviridissima_dat110-002.M.wav,Tettigoniaviridissima,0,0.0,-1
Tettigoniaviridissima/Tettigoniaviridissima_dat110-002.M.wav,Tettigoniaviridissima,1,2.5,34
Tettigoniaviridissima/Tettigoniaviridissima_dat118-003.M.wav,Tettigoniaviridissima,0,0.0,30
Tettigoniaviridissima/Tettigoniaviridissima_dat118-003.M.wav,Tettigoniaviridissima,1,2.5,-1
Tettigoniaviridissima/Tettigoniaviridissima_dat118-003.M.wav,Tettigoniaviridissima,2,5.0,34
